{
"lengthUnit": "mil",
"components": {
	"fields": ["COMPONENT_NO", "COMPONENT_NAME", "LAYER", "X_COORDINATE", "Y_COORDINATE", "ANGLE"],
	"rows": [
		[1, "12V", "T", 2080, 870, 0],
		[2, "Board", "B", 445, 1975, 0],
		[3, "C1", "T", 1715, 1075, 0],
		[4, "C2", "T", 2105, 1075, 180],
		[5, "DEBUG", "T", 2410, 2315, 90],
		[6, "PROG", "T", 2260, 1605, 90],
		[7, "Q1", "T", 1085, 1795, 270],
		[8, "Q2", "T", 1400, 1790, 270],
		[9, "Q3", "T", 1085, 1330, 270],
		[10, "Q4", "T", 1400, 1330, 270],
		[11, "R1", "T", 1080, 1990, 90],
		[12, "R2", "T", 1400, 1990, 90],
		[13, "R3", "T", 1085, 1515, 90],
		[14, "R4", "T", 1400, 1515, 90],
		[15, "R5", "T", 695, 2120, 270],
		[16, "R6", "T", 795, 2120, 270],
		[17, "R7", "T", 1080, 1170, 0],
		[18, "R8", "T", 1410, 1170, 0],
		[19, "U7", "T", 1890, 1255, 270],
		[20, "Wiegand", "T", 1335, 480, 0]
	]
},
"pins": {
	"fields": ["PIN_NO", "PIN_NAME", "PIN_X", "PIN_Y", "LAYER", "PIN_TYPE", "NET_NAME", "NET_TYPE", "PAD_SHAPE", "PAD_SIZEX", "PAD_SIZEY", "HOLE_SIZE", "PAD_ANGLE"],
	"rows": [
		[1, "12V_1", 2080, 870, "T", "DIP", "12V", "", "R", 66.93, 66.93, 43.31, 0],
		[2, "12V_1", 2080, 870, "B", "DIP", "12V", "", "R", 66.93, 66.93, 43.31, 0],
		[3, "Board_1", 95, 1975, "T", "DIP", "GND", "GND", "R", 70.87, 70.87, 47.24, 0],
		[4, "Board_1", 95, 1975, "B", "DIP", "GND", "GND", "R", 70.87, 70.87, 47.24, 0],
		[5, "Board_2", 195, 1975, "T", "DIP", "TX", "", "C", 70.87, 70.87, 47.24, 0],
		[6, "Board_2", 195, 1975, "B", "DIP", "TX", "", "C", 70.87, 70.87, 47.24, 0],
		[7, "Board_3", 295, 1975, "T", "DIP", "RX", "", "C", 70.87, 70.87, 47.24, 0],
		[8, "Board_3", 295, 1975, "B", "DIP", "RX", "", "C", 70.87, 70.87, 47.24, 0],
		[9, "Board_4", 395, 1975, "T", "DIP", "EN", "", "C", 70.87, 70.87, 47.24, 0],
		[10, "Board_4", 395, 1975, "B", "DIP", "EN", "", "C", 70.87, 70.87, 47.24, 0],
		[11, "Board_5", 495, 1975, "T", "DIP", "G0", "", "C", 70.87, 70.87, 47.24, 0],
		[12, "Board_5", 495, 1975, "B", "DIP", "G0", "", "C", 70.87, 70.87, 47.24, 0],
		[13, "Board_6", 595, 1975, "T", "DIP", "3.3V", "", "C", 70.87, 70.87, 47.24, 0],
		[14, "Board_6", 595, 1975, "B", "DIP", "3.3V", "", "C", 70.87, 70.87, 47.24, 0],
		[15, "Board_7", 695, 1975, "T", "DIP", "D0L", "", "C", 70.87, 70.87, 47.24, 0],
		[16, "Board_7", 695, 1975, "B", "DIP", "D0L", "", "C", 70.87, 70.87, 47.24, 0],
		[17, "Board_8", 795, 1975, "T", "DIP", "D1L", "", "C", 70.87, 70.87, 47.24, 0],
		[18, "Board_8", 795, 1975, "B", "DIP", "D1L", "", "C", 70.87, 70.87, 47.24, 0],
		[19, "C1_1", 1616.6, 1075, "T", "DIP", "GND", "GND", "C", 70.87, 70.87, 39.37, 0],
		[20, "C1_1", 1616.6, 1075, "B", "DIP", "GND", "GND", "C", 70.87, 70.87, 39.37, 0],
		[21, "C1_2", 1813.4, 1075, "T", "DIP", "12V", "", "C", 70.87, 70.87, 39.37, 0],
		[22, "C1_2", 1813.4, 1075, "B", "DIP", "12V", "", "C", 70.87, 70.87, 39.37, 0],
		[23, "C2_1", 2203.4, 1075, "T", "DIP", "GND", "GND", "C", 70.87, 70.87, 39.37, 180],
		[24, "C2_1", 2203.4, 1075, "B", "DIP", "GND", "GND", "C", 70.87, 70.87, 39.37, 180],
		[25, "C2_2", 2006.6, 1075, "T", "DIP", "5V", "", "C", 70.87, 70.87, 39.37, 180],
		[26, "C2_2", 2006.6, 1075, "B", "DIP", "5V", "", "C", 70.87, 70.87, 39.37, 180],
		[27, "DEBUG_1", 2560, 2265, "T", "DIP", "TX", "", "C", 60, 60, 36, 180],
		[28, "DEBUG_1", 2560, 2265, "B", "DIP", "TX", "", "C", 60, 60, 36, 180],
		[29, "DEBUG_2", 2560, 2365, "T", "DIP", "RX", "", "C", 60, 60, 36, 180],
		[30, "DEBUG_2", 2560, 2365, "B", "DIP", "RX", "", "C", 60, 60, 36, 180],
		[31, "DEBUG_3", 2260, 2365, "T", "DIP", "LEDL", "", "C", 60, 60, 36, 180],
		[32, "DEBUG_3", 2260, 2365, "B", "DIP", "LEDL", "", "C", 60, 60, 36, 180],
		[33, "DEBUG_4", 2260, 2265, "T", "DIP", "BUZL", "", "C", 60, 60, 36, 180],
		[34, "DEBUG_4", 2260, 2265, "B", "DIP", "BUZL", "", "C", 60, 60, 36, 180],
		[35, "PROG_1", 2260, 1355, "T", "DIP", "3.3V", "", "R", 70.87, 62.99, 40.16, 90],
		[36, "PROG_1", 2260, 1355, "B", "DIP", "3.3V", "", "R", 70.87, 62.99, 40.16, 90],
		[37, "PROG_2", 2260, 1455, "T", "DIP", "RX", "", "C", 62.99, 62.99, 40.16, 90],
		[38, "PROG_2", 2260, 1455, "B", "DIP", "RX", "", "C", 62.99, 62.99, 40.16, 90],
		[39, "PROG_3", 2260, 1555, "T", "DIP", "TX", "", "C", 62.99, 62.99, 40.16, 90],
		[40, "PROG_3", 2260, 1555, "B", "DIP", "TX", "", "C", 62.99, 62.99, 40.16, 90],
		[41, "PROG_4", 2260, 1655, "T", "DIP", "EN", "", "C", 62.99, 62.99, 40.16, 90],
		[42, "PROG_4", 2260, 1655, "B", "DIP", "EN", "", "C", 62.99, 62.99, 40.16, 90],
		[43, "PROG_5", 2260, 1755, "T", "DIP", "G0", "", "C", 62.99, 62.99, 40.16, 90],
		[44, "PROG_5", 2260, 1755, "B", "DIP", "G0", "", "C", 62.99, 62.99, 40.16, 90],
		[45, "PROG_6", 2260, 1855, "T", "DIP", "GND", "GND", "C", 62.99, 62.99, 40.16, 90],
		[46, "PROG_6", 2260, 1855, "B", "DIP", "GND", "GND", "C", 62.99, 62.99, 40.16, 90],
		[47, "Q1_1", 1047.6, 1755.63, "T", "SMD", "3.3V", "", "R", 49.21, 27.56, 0, 270],
		[48, "Q1_2", 1122.4, 1755.63, "T", "SMD", "D0L", "", "R", 49.21, 27.56, 0, 270],
		[49, "Q1_3", 1085, 1834.37, "T", "SMD", "D0", "", "R", 49.21, 27.56, 0, 270],
		[50, "Q2_1", 1362.6, 1750.63, "T", "SMD", "3.3V", "", "R", 49.21, 27.56, 0, 270],
		[51, "Q2_2", 1437.4, 1750.63, "T", "SMD", "D1L", "", "R", 49.21, 27.56, 0, 270],
		[52, "Q2_3", 1400, 1829.37, "T", "SMD", "D1", "", "R", 49.21, 27.56, 0, 270],
		[53, "Q3_1", 1047.6, 1290.63, "T", "SMD", "3.3V", "", "R", 49.21, 27.56, 0, 270],
		[54, "Q3_2", 1122.4, 1290.63, "T", "SMD", "LEDL", "", "R", 49.21, 27.56, 0, 270],
		[55, "Q3_3", 1085, 1369.37, "T", "SMD", "LED", "", "R", 49.21, 27.56, 0, 270],
		[56, "Q4_1", 1362.6, 1290.63, "T", "SMD", "3.3V", "", "R", 49.21, 27.56, 0, 270],
		[57, "Q4_2", 1437.4, 1290.63, "T", "SMD", "BUZL", "", "R", 49.21, 27.56, 0, 270],
		[58, "Q4_3", 1400, 1369.37, "T", "SMD", "BUZZER", "", "R", 49.21, 27.56, 0, 270],
		[59, "R1_1", 1080, 1960.34, "T", "SMD", "D0", "", "R", 31.75, 34.02, 0, 90],
		[60, "R1_2", 1080, 2019.66, "T", "SMD", "5V", "", "R", 31.75, 34.02, 0, 90],
		[61, "R2_1", 1400, 1960.34, "T", "SMD", "D1", "", "R", 31.75, 34.02, 0, 90],
		[62, "R2_2", 1400, 2019.66, "T", "SMD", "5V", "", "R", 31.75, 34.02, 0, 90],
		[63, "R3_1", 1085, 1485.34, "T", "SMD", "LED", "", "R", 31.75, 34.02, 0, 90],
		[64, "R3_2", 1085, 1544.66, "T", "SMD", "5V", "", "R", 31.75, 34.02, 0, 90],
		[65, "R4_1", 1400, 1485.34, "T", "SMD", "BUZZER", "", "R", 31.75, 34.02, 0, 90],
		[66, "R4_2", 1400, 1544.66, "T", "SMD", "5V", "", "R", 31.75, 34.02, 0, 90],
		[67, "R5_1", 695, 2149.66, "T", "SMD", "3.3V", "", "R", 31.75, 34.02, 0, 270],
		[68, "R5_2", 695, 2090.34, "T", "SMD", "D0L", "", "R", 31.75, 34.02, 0, 270],
		[69, "R6_1", 795, 2149.66, "T", "SMD", "3.3V", "", "R", 31.75, 34.02, 0, 270],
		[70, "R6_2", 795, 2090.34, "T", "SMD", "D1L", "", "R", 31.75, 34.02, 0, 270],
		[71, "R7_1", 1050.34, 1170, "T", "SMD", "3.3V", "", "R", 31.75, 34.02, 0, 0],
		[72, "R7_2", 1109.66, 1170, "T", "SMD", "LEDL", "", "R", 31.75, 34.02, 0, 0],
		[73, "R8_1", 1380.34, 1170, "T", "SMD", "3.3V", "", "R", 31.75, 34.02, 0, 0],
		[74, "R8_2", 1439.66, 1170, "T", "SMD", "BUZL", "", "R", 31.75, 34.02, 0, 0],
		[75, "U7_1", 1771.89, 1255, "T", "DIP", "12V", "", "C", 66.93, 66.93, 43.31, 270],
		[76, "U7_1", 1771.89, 1255, "B", "DIP", "12V", "", "C", 66.93, 66.93, 43.31, 270],
		[77, "U7_2", 1890, 1255, "T", "DIP", "GND", "GND", "C", 66.93, 66.93, 43.31, 270],
		[78, "U7_2", 1890, 1255, "B", "DIP", "GND", "GND", "C", 66.93, 66.93, 43.31, 270],
		[79, "U7_3", 2008.11, 1255, "T", "DIP", "5V", "", "C", 66.93, 66.93, 43.31, 270],
		[80, "U7_3", 2008.11, 1255, "B", "DIP", "5V", "", "C", 66.93, 66.93, 43.31, 270],
		[81, "Wiegand_1", 835, 480, "T", "DIP", "12V", "", "C", 90.55, 90.55, 59.06, 0],
		[82, "Wiegand_1", 835, 480, "B", "DIP", "12V", "", "C", 90.55, 90.55, 59.06, 0],
		[83, "Wiegand_2", 1035, 480, "T", "DIP", "GND", "GND", "C", 90.55, 90.55, 59.06, 0],
		[84, "Wiegand_2", 1035, 480, "B", "DIP", "GND", "GND", "C", 90.55, 90.55, 59.06, 0],
		[85, "Wiegand_3", 1235, 480, "T", "DIP", "D0", "", "C", 90.55, 90.55, 59.06, 0],
		[86, "Wiegand_3", 1235, 480, "B", "DIP", "D0", "", "C", 90.55, 90.55, 59.06, 0],
		[87, "Wiegand_4", 1435, 480, "T", "DIP", "D1", "", "C", 90.55, 90.55, 59.06, 0],
		[88, "Wiegand_4", 1435, 480, "B", "DIP", "D1", "", "C", 90.55, 90.55, 59.06, 0],
		[89, "Wiegand_5", 1635, 480, "T", "DIP", "LED", "", "C", 90.55, 90.55, 59.06, 0],
		[90, "Wiegand_5", 1635, 480, "B", "DIP", "LED", "", "C", 90.55, 90.55, 59.06, 0],
		[91, "Wiegand_6", 1835, 480, "T", "DIP", "BUZZER", "", "C", 90.55, 90.55, 59.06, 0],
		[92, "Wiegand_6", 1835, 480, "B", "DIP", "BUZZER", "", "C", 90.55, 90.55, 59.06, 0]
	]
}
}